SEQ ID	Sequence	Description	Kaiju hit	Scientific Name	Max Score	Total Score	Query Cover	E value	Per. Ident	Acc. Len	Accession		Notes								
@SRR24300527.878845 878845 length=251	AAAGTGGAATATCGAGTTTGGAATCCGTTTCGATCGAAGCTGGCGGCGGCGATTGTTGGTGGGATTGAGACAACCCATATTGGACCAGGGACAAAGCTCCTGTATTTAGGTGAGTTTCTGGAGACACAGACCAGAACAGAACAGAACAGAGGAGAGATCGACATGGCGACAGTATAGATAAGACGAGATGAGATGCGATTCATTATTCCTCCTGTCTCGTCTTCCACTCCTTTCTTTCTTTGTCTCGCGCG	Drosophila phalerata genome assembly, chromosome: X	Carica papaya	Drosophila phalerata	56.5	5650%	13%	0.30%	97.06%	50316797	OX596006.1										
@SRR24300527.970902 970902 length=251	AACTCATGGTGTGTCTTCTTCAGACTCGACTTCATCATCAAACTCATCTTCATCCTCATTTTCAGTCTCGTCTTCAAGCGCATCTGAAAACTCATCTTCATACTCATTTTCAGACTCATCTTCGAACTCATCTTCAAACTCTTCTTCATACTCGACTTCAAGTTGTTGATTGACAAATTCCTCTACAGGCACATCAATGATTGTTTCTGGTAAATCAGTCCTTGTTAAGAGTACTTCACCATTATCTTTTG	Solanum lycopersicum cultivar I-3 chromosome 7	Solanum subgen. Lycopersicon	Solanum lycopersicum	453	163900%	100%	9.00E-123	99.20%	68048916	CP023763.1										
@SRR24300527.1127297 1127297 length=251	AATCAATACCAGACCCCAGAACCAAATCCATACCATCTAGAGACGCTAAAATCGACTCAGAAGTAACCCAGAAGTTCCAGGACACACCCAAGATACAGGAGATCAGACAGAGTTCACCAGTACGCTCAGATATTACCTAATTAGGTAATAAAAGCTCTGCTCAGTCTACAACTAGCCCTAGACCTAGGATCACCTTAGGTGAAGAGATACGTGATGTTCAGCGCTTTCAGAAGCCTCAAGACCAATATCAA	No significant similarity found.	Gossypium australe	NA	NA	NA	NA	NA	NA	NA	NA										
@SRR24300527.850055 850055 length=205	ACCTACACCCTTAGCAGGGGCGCCTCTTCAGCCTCTTGAGTACTTCCCCATAAAATAAAAATGGCTCCGCAGGTAGGACTCGAACCTACGACCGATCGGTTAACAGCCGATTGCTCTACCACTGAGCTACTGCGGAACAAAAAGTAAATGATTTTATTCAGATGGGCCTAAATGGACTCGAACCATCGACCTCACGCTTATCAGG	Neobacillus sp. 114 chromosome, complete genome	Capsicum annuum	Neobacillus sp. 114	298	130400%	100%	3.00E-76	93.20%	6399285	CP126144.1										
@SRR24300527.525282 525282 length=251	ACCTCATACCAATCACACTTAAATAAAACAACCTTAAAATGGCTGTAATAGTTTAATTCTACAATATCAACTATTCTACCATAATAAGTCAAATCTGCAGCAATCGGATTTTTATCCTTTGAACTTGCAAAGCTTGTAGTTGAGGAAATTAGTGTAACACCACTATTTTGTGTTTTACGCCTTGTATCATGCTGCCTAACATGGAATCTATATCCATTTATGAGATACCCAGAATATCTTTTCGCAACAGA	PREDICTED: Solanum lycopersicum uncharacterized LOC104648518 (LOC104648518), mRNA	Solanum lycopersicum	Solanum lycopersicum	464	464	100%	4.00E-126	100.00%	2097	XM_010325844.3										
@SRR24300527.614025 614025 length=251	ACTCCAGGGAGAGCATATTTTCAGTCTTGCACGCTCCAATGAGGAGAGATAAAAACCTGTAAAATTATGAATACTGGTACGACAGATGAAAAAGAAAAATTTCAAGCGAAAAAAGTACAGAGAAAAATAAAACACCGGAAGGAAAAGTGGAATATCGAGTTTGGAATCCGTTTCGATCGAAGCTGGCGGCGGCGATTGTTGGTGGGATTGAGACAACCCATATTGGACCAGGGACAAAGCTCCTGTATTTA	No significant similarity found.	Carica papaya	NA	NA	NA	NA	NA	NA	NA	NA										
@SRR24300528.1607878 1607878 length=251	ACTTAGTGCCCCATGTTCAATGCAACGTTCTGGGAATTCCCCTTCTGTTGTAGATAGTAGCGCTGAAGGGCCGGGCGACGATAGAACCTGCTGGAGATGAGGATGCCCATGCATCTTTGGCACATCAAGTGGGCACAGCAGTGTCAGATGATAAGGCACAGTTATCAACAGATCAGCCAACTGATCTGGAGGCCTCAGAGCCTTCTTTGGATGAGCATCATGTTCAAGATGAGAAATCTTCATTAGGTAAA	Zea mays isolate 8112 clone 1 GRMZM2G121123-like gene, partial sequence	Capsicum annuum	Zea mays	318	318	99%	3.00E-82	89.96%	5167	JQ887387.1										
@SRR24300527.970902 970902 length=251	AGACTGTTCCAAGAGACCTGTTTAACATGGGTGATGAAGTTGAATCTAATCTCCCACAAAGTTATGAAAATGAGCCATCTGAACATTCGAAGGGTCCATCTATACCAAAAGATAATGGAGATGTACTCTTAACAAGGACTGATTTACCAGAAACAATCATTGATGTGCCTGTGGAGGAATTTGTCAATCAACAACTTGAAGTCGAGTATGAAGAAGAGTTTGAAGTTGCGTTCGAAGATGAGTCTGAAAAT	PREDICTED: Solanum lycopersicum uncharacterized LOC104648518 (LOC104648518), mRNA	Solanum subgen. Lycopersicon	Solanum lycopersicum	442	44200%	100%	2.00E-119	98.41%	2097	XM_010325844.3										
@SRR24300528.1357037 1357037 length=251	AGTTTATCCTGGGGATGGGGATGCCCCACCGGATCCGCGAGCTGGAGGTGCCTCGGGAAGACCTGCCGACCATCGCTGCGCTCACCTTGCAGGATGGGGGCTCCCGCAGCAACGCCATACCGGTAACTCGTCCAGAGCAGGCGATGGAGGAGCTGGAAAAGGCCTGGTAAGACCAGTAGCCTGCAAGCGATGGGGGAGGTTAGAGCCTATCCTGTAGGGGCGGGTCGCGGACCCGTCCGTCCACCACAGAG	No significant similarity found.	Arachis	NA	NA	NA	NA	NA	NA	NA	NA										
@SRR24300527.139080 139080 length=250	ATACACATACACATACACATACACATACACATACAAATACACACACACACAGACACAGACACAGACACACAACCAACGCGACCATCAATCAACGTCGATGTCGCCCTCAACATTTTTTTTTCTTCCTCCGTCTTTCCCTGAAGTTGACGATTGAAATCAGCCTGATAATTCAAAATTGTCCAATCAAACAAAAAGTCATTTTGATATCCTTTACGATAAAACAATTCTCTCATAATTCGTCTTAAATAAG	No significant similarity found.	Ipomoea	NA	NA	NA	NA	NA	NA	NA	NA										
@SRR24300528.484288 484288 length=249	ATCCACAAAAGAGCCCGCCTCTCTAGTAGGCGTAAGATGTCCCATCCTCAAAGCTGAAAATATAACATGCCAAAATTGTCTAGCGAAACTGCAAGAGCACAAGAGGTGCAAGATAGTTTCTTGCTCTTGATCACATAATGGGCAGACCACCGGGTGCGGTAGTCCTTTCCTCTGAAGTCTATCCGCAGTCCAACATTTATTCCTTATCGCCAGCCAAACAAAAAATTTGCATTTGGGGGGTGCCCACGA	Zea mays full-length cDNA clone ZM_BFb0133P07 mRNA, complete cds	Zea mays	Zea mays	427	42700%	100%	5.00E-115	97.59%	4136	BT066983.1										
@SRR24300527.1159905 1159905 length=250	ATCCCCCCCTTCCTCCAGCTCTTCGCCGGCAGTTCCCTAAGAGTGCCCGGCCGAACCGTTGGCAACATAGGGTGAGGGTTGCGCTCGTTGCGGGACTTAACCCAACACCTCACGGCACGAGCTGACGACCGCCATGCACCACCTGTGTAGGCTCCTGACTTAACAGGTCGTCCCCCTTTCGGGTTCCTACTTCCTACATGTCAAGCCCAGGTAAGGCTCTTCGCTCTGCCTCGACTTGAACCACATGCT	Uncultured bacterium clone OTU_306 16S ribosomal RNA gene, partial sequence	Solanum tuberosum	uncultured bacterium	438	43800%	100%	2.00E-118	98.39%	470	MK537701.1										
@SRR24300528.1376543 1376543 length=251	ATGTTAATTATCTCAGCCATTAAGGGGATGCTCTATGTTGCTTTCCAGGCATTTCAACCCGGAATTTAGACAATTCTAGCATATGCAGTAAACCAATAAAGAAAATTTGGTTCACAAGTGGCATGCTGTATCAACATCAAGATATATTATTTACCTCAGGATACTGATGATATATAGCAAATGAAGCTGAATAAGACAAAAGTGGAAGCAGATCAGCAACAAGACACTCTACTTCGTGGCCAGAGGCAGCA	PREDICTED: Sorghum bicolor tRNA (adenine(58)-N(1))-methyltransferase non-catalytic subunit TRM6 (LOC8081301), mRNA	Zea mays	Sorghum bicolor	145	14500%	38%	6.00E-30	93.75%	2196	XM_021455120.1		Only hit								
@SRR24300528.1581941 1581941 length=251	CAATAATTCCGGACAACGCTCGCCCCCTACGTATTACCGCGGCTGCTGGCACGTAGTTAGCCGGGGCTTTCTCCTTGGGTACCGTCAGTTCTTCTTCCCCAAGAACAGAGTTTTACAACCCGAAGGCCGTCTTCACTCACGCGGCGTTGCTCCGTCAGGCTTTCGCCCATTGCGGAAAATTCCCTACTGCTGCCTCCCGTAGGAGTCTGGGCCGTGTCTCAGTCCCAGTGGGGCCGGTCACCCTCTCAGTT	Bacillales bacterium P371 partial 16S rRNA gene, isolate P371	Capsicum annuum	Bacillales bacterium P371	455	455	99%	2.00E-123	99.60%	1389	AM749774.1										
@SRR24300528.579620 579620 length=250	CACTGGGACTGAGACACGGCCCAGACTCCTACGGGAGGCAGCAGTAGGGAATTTTCCGCAATGGGCGAAAGCCTGACGGAGCAACGCCGCGTGAGTGAAGACGGCCTTCGGGTTGTAAAACTCTGTTCTTGGGATTGGCTCCCCCCTCGCGGGTTCGCTGCCCTTTGTACCAGCCATTGTAGCACGTGTGTAGCCCAGGACATAAGGGGCATGATGATTTGACGTCATCCCCACCTTCCTCCGGCTTTCA	Lihuaxuella thermophila strain YIM 77831 16S ribosomal RNA, complete sequence	Capsicum annuum	Lihuaxuella thermophila	246	46000%	100%	2.00E-60	100.00%	1512	NR_126245.2										
@SRR24300527.830394 830394 length=251	CCACCATAGCAACTTATTTATTGTTCCGCAGTAGCTCAGTGGTAGAGCAATCGGCTGTTAACCGATCGGTCGTAGGTTCGAATCCTACCTGCGGAGCCATTTCTATTTTATTGGAGAAGTACTCAAGCGGCTGAAGAGGCGCCCCTGGAAAGGGCGTAGGTCGGGCAACCGGCGCGAGGGTTCAAATCCCTCTTTCTCCGTTATCGATACGCTTTAAATTTTGTAAAAAACTCTTATTCTTTTTAGAATAG	Neobacillus sp. 114 chromosome, complete genome	Capsicum annuum	Neobacillus sp. 114	272	85800%	73%	3.00E-68	93.92%	6399285	CP126144.1										
@SRR24300528.838157 838157 length=251	CCCAGTAATTATACAGAGGTTTACCTCCTCGAGAATAGATTCTCGCATATTCCGTTTCATCAAATTCATAAATAGGAAGAAATTCTACGGCATTAATTCCGAGTTCTAGCAAATAAGGGATTTTTTCCACTACGCCTAGAAATGTACCGGGATGTTGCACTTGGCTAGAAGGAGTTGCATCATATTTCCTGAGAGCAGTATAATTTAAAAAAGATGAGAAAGGGAGCGCACACGTTTTGATTTACATTTAA	No significant similarity found.	Ipomoea batatas	NA	NA	NA	NA	NA	NA	NA	NA										
@SRR24300528.1244835 1244835 length=226	CCCCCTACGTATTACCGCGGCTGCTGGCACGTAGTTAGCCGGGGCTTTCTCCTCCGGTACCGTCACTCTGAAGGATTATTCGTCCTTCAGCCGTTCTTCCCGGAGAACAGAGCTTTACAACCCGAAGGCCGTCCTCGCTCACGCGGCGTTGCTCCGTCAGGCTTTCGCCCATTGCGGAAAATTCCCTACTGCTGCCTCCCGTAGGAGTCTGGGCCGTGTCTCAGT	Thermoactinomycetaceae bacterium SCSIO 11166 16S ribosomal RNA gene, partial sequence	Capsicum annuum	Thermoactinomycetaceae bacterium SCSIO 11166	416	41600%	100%	1.00E-111	100.00%	1413	JX555980.1										
@SRR24300527.459777 459777 length=250	CCCGATCTGCTCGCCGCCGTCGAACGGCTCAAGCCCAACGCGATCATCGGCGTCTCGGGGACGGCGAGCGCTTTCACCCGGCCGGTGGTAGAGGCGATGGCGCGTTTCAACGAACGACCCATCGTCTTCGCGCTGTCCAATCCCACATCCCAGTCCGAGTGTACGGCGGAGGAGGCGTACACGTGGTCGAACGGGCGCGCACTTTTCGCGAGCGGCAGCCCGTTCGCGCCTGTGCTTCTGAACGGCCGCA	No significant similarity found.	Nicotiana sylvestris	NA	NA	NA	NA	NA	NA	NA	NA										
@SRR24300527.267063 267063 length=251	CCGCTAGGCTCCACCATAGCAACTTATTTATTGTTCCGCAGTAGCTCAGTGGTAGAGCAATCGGCTGTTAACCGATCGGTCGTAGGTTCGAATCCTACCTGCGGAGCCATTTCTATTTTATTGGAGAAGTACTCAAGCGGCTGAAGAGGCGCCCCTGGAAAGGGCGTAGGTCGGGCAACCGGCGCGAGGGTTCAAATCCCTCTTTCTCCGTTTTCGATACGCTTTAACTTTTGTACAAAACTCTTATTCTT	Neobacillus sp. 114 chromosome, complete genome	Capsicum annuum	Neobacillus sp. 114	276	86200%	83%	2.00E-69	90.87%	6399285	CP126144.1										
@SRR24300527.878845 878845 length=249	CCTCTGAGGTGCTGGCACTTGGATCTCATTCTGCCATCGAAGAAACTGATGAATCGTCAGAAGAAGCAGCTGATGAAGAAGAAACGGAGGGAGCGAAAAGAAAGGAGAGGGAAGGGAGTGGAGTAAGAGGCAGAGACAGAGACAGAAAGAGGGCGAGAGAGAGAACAGACAACACCAGCAATGACGAATTACGTGCGTTCCCAAGATCACCCTTTCCGACAAGAGCTGCTTCGAATGAATCGATTCCT	Conops quadrifasciatus genome assembly, chromosome: 5	Carica papaya	Conops quadrifasciatus	54.7	5470%	11%	1.00%	100.00%	33513057	OX457081.1										
@SRR24300527.700607 700607 length=251	CCTCTGTTCTGTTCTGTTCTGTTCTGTGTCTCCAGAAACTCACCTAAATACAGGAGCTTTGTCACTGGTCCAATATGGGTTGTCTCAATCCCACCAACAATCGCCGCCGCCAGCTTCGATCGAAACGGATTCCACACTCGAAATTCCACTTTTCCTTCCGGTGTTTTATGTTTCTCTGTACTTTTGTCGCGGCATGCCTTTGTTGTTTCTTGTTAATATCTGTGCCTGCGCCTGCAAACGCCCACGGGTTT	Pollachius pollachius genome assembly, chromosome: 8	Carica papaya	Pollachius pollachius	58.4	114	12%	8.00E-04	100.00%	27399917	OX465131.1										
@SRR24300527.850055 850055 length=205	CCTGATAAGCGTGAGGTCGATGGTTCGAGTCCATTTAGGCCCATCTGAATAAAATCATTTACTTTTTGTTCCGCAGTAGCTCAGTGGTAGAGCAATCGGCTGTTAACCGATCGGTCGTAGGTTCGAGTCCTACCTGCGGAGCCATTTTTATTTTATGGGGAAGTACTCAAGAGGCTGAAGAGGCGCCCCTGCTAAGGGTGTAGGT	Neobacillus sp. 114 chromosome, complete genome	Capsicum annuum	Neobacillus sp. 114	298	1304	100%	3.00E-76	93.20%	6399285	CP126144.1										
@SRR24300527.122094 122094 length=251	CCTTCCATTCTTCTCAGATTGGCGTATTTCGCGTTTAAATTACTAGTTAATAGTTTCATAAGGTTAAGCATGAAATAAGCCTAATATGGGTGTTATTTTTATTAACAGCCATCACGCCTTTTAATAATTCGAACCAAGGTGAGTCATCTATTTTTTAAAGGTCTGTAGAAGCCCTTTAAAAAATAGATATATATATACTAAAAAAACCCCTATTCTAAAAAGAATAAGAGTTTTTTACAAAATTTAAAGCG	No significant similarity found.	Capsicum annuum	NA	NA	NA	NA	NA	NA	NA	NA										
@SRR24300527.156892 156892 length=251	CGCCTGATAAGCGTGAGGTCGATGGTTCGAGTCCATTTAGGCCCATCTGAATAAAATCATTTACTTTTTGTTCCGCAGTAGCTCAGTGGTAGAGCAATCGGCTGTTAACCGATCGGTCGTAGGTTCGAGTCCTACCTGCGGAGCCATTTTTATTTTATGGGGAAGTACTCAAGAGGCTGAAGAGGCGCCCCTGCTAAGGGTGTAGGTCGTGTAAACGGCGCGAGGGTTCAAATCCCTCCTTCTCCGCCATA	Neobacillus sp. 114 chromosome, complete genome	Capsicum annuum	Neobacillus sp. 114	366	1634	100%	1.00E-96	93.25%	6399285	CP126144.1										
@SRR24300527.359674 359674 length=250	CGCGAAAAGTGCGCGCCCGTTCGACCACGTGTACGCCTCCTCCGCCGTACACTCGGACTGGGATGTGGGATTGGACAGCGCGAAGACGATGGGTCGTTCGTTGAAACGCGCCATCGCCGCCACGACCTGGCTGTTGACGTCGCCGCCACACACCCGGTCGCCAGAGCGGGGGTTCGACTGCCTTCCTTCGCTTGCCACTCGCGGGACGGCATAGAGCGCGTAGACTTCGAGCGCGGCCAACATGGCGTGT	No significant similarity found.	Nicotiana sylvestris	NA	NA	NA	NA	NA	NA	NA	NA										
@SRR24300527.741767 741767 length=170	CGCTTGAGTACTTCTCCAATAAAATAGAAATGGCTCCGCAGGTAGGATTCGAACCTACGACCGATCGGTTAACAGCCGATTGCTCTACCACTGAGCTACTGCGGAACAATAAATAAGTTGCTATGGTGGAGCCTAGCGGGATCGAACCGCTGACCTCCTGCGTGCAAAG	Peribacillus asahii strain CMF4 chromosome, complete genome	Capsicum annuum	Peribacillus asahii	180	169500%	97%	1.00E-40	87.90%	4721398	CP085717.1										
@SRR24300527.1159905 1159905 length=251	CGGTAAGACAGAGGGGGCAAGCGTTGCTCGGAATCACTGGGCGTAAAGGGCGCGTAGGCGGGATGGCAAGTCGGTCGTGAAATCCCTTGGCTCAGCTGAGGGGGGTCGGCCGAGACTGCTGTTCTTGAGGGATGCAGAGGAGACTGGAATTCCCGGTGTAGCGGTGAAATGTGTAGAGATCGGGAGGAACACCGGTGGCGAAGGCGGGTCTCTGGGCATCTCCTGACGCTGAGGCGCGAAAGCGGTGGGAG	Uncultured bacterium partial 16S rRNA gene, clone E1-EP01_DNA_18619	Solanum tuberosum	uncultured bacterium	448	44800%	99%	4.00E-121	99.20%	751	LT854964.1										
@SRR24300527.551532 551532 length=251	CTCTAGAAGAGAAGTGAATGATTCATTGCTCCATCCATGTAAACACTTCAACAAATATAAGCGAAGTGTGAATGATAATTTAGAGAAACCTATACAACCAGAATATAATTCTTGGTTTGCCTCTTCAAGTAAGCTATAGAATTTCTTGGCATCTTCATTTGGACCATCATAAACTCCTCCAGCCTGTGCAACATCTCTAAATTGATCATTCAACAACCCATCAATATCATCACACGAGTAATCCATATCAT	PREDICTED: Solanum lycopersicum uncharacterized LOC101254990 (LOC101254990), mRNA	Solanum subgen. Lycopersicon	Solanum lycopersicum	464	464	100%	4.00E-126	100.00%	3312	XM_026030621.1										
@SRR24300527.359674 359674 length=251	CTGCAACGCTACTGTGGCTGGCGGGACACGCAATGTTGTCGGCGCTCGGAGTCTATTCGTTTTATGCCTTCGCGCGATTGGTAAGGGCCGAAAGGCGGTCGTAGCACCGCTCTCGCGACCGGGTGTGTTGCTTCGACGACGACCTCCAGGGCACGGCCGCGATGGCGCGGTTCAACCAACGATCCATCGTCTTCCCGCCGTTCAATCCCCACTCCCAGCCCGATTCTTCGTCGGCGGAGGCGTACACGGTG	No significant similarity found.	Nicotiana sylvestris	NA	NA	NA	NA	NA	NA	NA	NA										
@SRR24300527.1127297 1127297 length=251	CTGCTTGACATCTCTTGAAGCCTAAACTCTCCAAGTATCTCTCCAACCTCTGGTACCACATTCTAGGGGCTTGCTTCAGTCCATAGAGTGATTTGAGGAGCTTGCAAACGAGATTGCCTTGTTGATATCCTTCAGGCTGCTCCATATAAATTTCCTCATCCAGGTACCCATTTAGAAATGCTATCTTGACATCCATCTGCTCGATTTCTAAGTCCATTTCTGCTGCTATAGCTAGGATAAGGCTGATAGAT	Avena sativa genome assembly, chromosome: 22	Gossypium australe	Avena sativa	80.5	37400%	29%	2.00E-10	87.14%	58832055	OV702300.1		Solanum lycopersicum cultivar I-3 chromosome 10	Solanum lycopersicum	54.7	54.7	11%	0.01	100.00%	65532080	CP023766.1
@SRR24300528.1022846 1022846 length=251	CTGTAACCTGCTAAAGCCATGTTCCTTCCAATATTTCATCTTTTCTGGTGATGGTGCTTTTCCAGGTTTAGGAGATTTTGAAGCATTTGAAGTAGTACCATCACTGTCTTTGCCACCTGCAGATTCACATAGCATCCAGAGATCAAAACTTAACTTCACTAGACCATTTTCAGATTCATCAACTTTTTACCTAATGAAGAGTTCTCATCTTGAACATGATGCTCATCCAAAGAAGGCTCTGAGGCCTCCAT	Zea mays isolate 8112 clone 1 GRMZM2G121123-like gene, partial sequence	Zea mays	Zea mays	348	34800%	98%	4.00E-91	92.34%	5167	JQ887387.1										
@SRR24300527.70847 70847 length=251	CTGTATAAACTGCCGGAGTGAATCGTTTAAATACCTTCCATTCTTCTCAGATTGGCGTATTTCGCGTTTAAATTACTAGTTAATAGTTTCATAAGGTTAAGCATGAAATAAGCCTAATATGGGTGTTATTTTTATTAACAGCCATCACGCCTTTTAATAATTCGAACCAAGGTGAGTCATCTATTTTTTAAAGGTCTGTAGAAGCCCTTTAAAAAATAGATATATATATACTAAAAAAACCCCTATTCTAA	No significant similarity found.	Capsicum annuum	NA	NA	NA	NA	NA	NA	NA	NA										
@SRR24300528.849353 849353 length=250	CTTAGATCACCGCCTACGCGCTCTTTACGCCCAATAATTCCGGACAACGCTTGCCCCCTACGTTTTACCGCGGCTGCTGGCACGTCGTTTGCCGGGGCTTCCTCCTGAAGTACCGTCATCTCTTCTTCCTTCAGAACAGAGCTTTACAACCCGAAGGCCGTCCTCACTCACGCGGCGTTGCTCCGTCAGGCTTTCGCCCATTGCGGAAAATTCCCTACTGCTGCCTCCCGTAGGAGTCTGGGCCGTAT	Uncultured bacterium clone ncd382b06c1 16S ribosomal RNA gene, partial sequence	Capsicum annuum	uncultured bacterium	425	42500%	100%	2.00E-114	97.58%	1328	HM321397.1										
@SRR24300528.1194826 1194826 length=250	CTTATCGGGTTACCTTCGGCACTGAGGGAAGTAACGCCCCCAACACCTAGCACTCATCGTTTACGGCGTGGACTACCAGGGTATCTAATCCTGTTTGCTCCCCACGCTTTCGCGCCTCAGCGTCAGTTACAGGCCAGAGAGCCGCCTTCGCCACTGGTGTTCCTCCCGATCTCTACGCATTCCACCGCTACACCGGGAATTCCGCTCCCCTCTCCTGCACTCAAGCTCTCCAGCTTCAGGTGCCGCT	Uncultured bacterium clone dryAD1899 16S ribosomal RNA gene, partial sequence	Capsicum annuum	uncultured bacterium	433	433	100%	1.00E-116	98.38%	376	MH148318.1										
@SRR24300528.56237 56237 length=98	CTTGAACAGCCACCCAAAAGTGAAGAACGTGTACTATCCAGGACTTCCAAGTCATCCAAATCATGAAACAGCAAAACAACAATCCCGTGGATTTGGAG	No significant similarity found.	Capsicum annuum	NA	NA	NA	NA	NA	NA	NA	NA										
@SRR24300527.614025 614025 length=247	GAAGACGAGACAGGAGGAATAATGAATCGCATCTCATCTCATCTTATCTATACTGTCTCCATGTCGATCTCTCCTCTGTTCTGTTCTGTTCTGTTCTGTGTCTCCAGAAACTCACCTAAATACAGGAGCTTTGTCCCTGGTCCAATATGGGTTGTCTCAATCCCACCAACAATCGCCGCCGCCAGCTTCGATCGAAACGGATTCCAAACTCGATATTCCACTTTTCCTTCCGGTGTTTTATTTTT	No significant similarity found.	Carica papaya	NA	NA	NA	NA	NA	NA	NA	NA										
@SRR24300527.219043 219043 length=251	GATATATATATACTAAAAAAACCCCTATTCTAAAAAGAATAAGAGTTTTTTACAAAATTTAAAGCGTATCGATAACGGAGAAAGAGGGATTTGAACCCTCGCGCCGGTTGCCCGACCTACGCCCTTTCCAGGGGCGCCTCTTCAGCCGCTTGAGTACTTCTCCAATAAAATAGAAATGGCTCCGCAGGTAGGATTCGAACCTACGACCGATCGGTTAACAGCCGATTGCTCTACCACAGAGCTACTGCGGA	Heyndrickxia oleronia strain DSM 9356 chromosome, complete genome	Capsicum annuum	Heyndrickxia oleronia	261	1226	70%	6.00E-65	93.75%	5199099	CP080028.1										
@SRR24300527.709146 709146 length=250	GATCTAGGTAAGAAGCTCGCCGACTTATCGGAGGACGCTAGGGAAGTGACTTTGGATGACAGCGTCCTCACAAACGCCCTTATCCCGTCATCCAGAAGGCGGCTGGAGGGAACGGCTACAGCGCCGGTGCGTAATACAATTCACGTAGCGGTACTGTCGGAACCATTACTCTGAGTAGTCAAGTCTTATGCGCTTACCGGAAGCGAGAGGTGCACGATGCAAGGACGTTCGGTCTATTCGGCCTCCGTCA	No significant similarity found.	Nicotiana sylvestris	NA	NA	NA	NA	NA	NA	NA	NA										
@SRR24300527.700607 700607 length=251	GATGAGGACGACAGACTCGCCATGATGGAATTTTTGGCGCCAACGAATGTTGCGAGATTTTTGAACTTTTTCGCTTGAAATTTTTCTTTTTCATCTGTCGTACCAGTATTCATAATTTTACAGGTTTTTATCTCTCCTCATTGGAGCGTGCAAGACTGAAAATATGCTCTCCCTGGAGTCGAGGGCTGTTCTCCAGCAATGGAAATTGTTGCACGAATTTGAGCACGAACAGATGAATTTTACAATGCCGA	No significant similarity found.	Carica papaya	NA	NA	NA	NA	NA	NA	NA	NA										
@SRR24300527.952921 952921 length=251	GATGTATTTTAATCGAGGCTCATCACCATGGCAGGGATTGAAAGCCGTCACAAAAAAAGAAAAATATGATAAAATAAGTGAAAAGAAAATGTCGACACCGATTGAAGTCCTATGCAAACAATTTCCACCGGAATTCGCAACTTATTTGAATTATTGTCGAAGTTTACGATTTGATGATAAACCTGATTATGCTTATTTAAGACGAATTATGAGAGAATTGTTTTATCGTAAAGGATATCAAAATGACTTTT	Halteromyces radiatus casein kinase I like hhp1, variant 2 (BX664DRAFT_343922), mRNA	Ipomoea	Halteromyces radiatus	76.8	7680%	76%	2.00E-09	73.96%	1587	XM_051547383.1		Berberis vulgaris genome assembly, chromosome: 10	Berberis vulgaris	75	75	27%	8.00E-09	86.30%	8562269000.00%	OY747133.1
@SRR24300527.219043 219043 length=251	GCACGCAGGAGGTCAGCGGTTCGATCCCGCTAGGCTCCACCATAGCAACTTATTTATTGTTCCGCAGTAGCTCTGTGGTAGAGCAATCGGCTGTTAACCGATCGGTCGTAGGTTCGAATCCTACCTGCGGAGCCATTTCTATTTTATTGGAGAAGTACTCAAGCGGCTGAAGAGGCGCCCCTGGAAAGGGCGTAGGTCGGGCAACCGGCGCGAGGGTTCAAATCCCTCTTTCTCCGTTATCGATACGCTTT	Peribacillus asahii strain CMF4 chromosome, complete genome	Capsicum annuum	Peribacillus asahii	276	158400%	94%	2.00E-69	88.70%	4721398	CP085717.1										
@SRR24300527.1166706 1166706 length=250	GCAGCAGAAATGGACTTAGAAATCGAGCAGATGGATGTCAAGATAGCATTTCTAAATGGGTACCTGGATGAGGAAATTTATATGGAGCAGCCTGAAGGATATCAACAAGGCAATCTCGTTTGCAAGCTCCTCAAATCACTCTATGGACTGAAGCAAGCCCCTAGAATGTGGTACCAGAGGTTGGAGAGATACTTGGAGAGTTTAGGCTTCAAGAGATGTCCAGCAGATCATGCTATCTTTACTACAGTAA	Avena sativa genome assembly, chromosome: 22	Gossypium australe	Avena sativa	80.5	37400%	29%	2.00E-10	87.14%	58832055	OV702300.1		Solanum lycopersicum cultivar I-3 chromosome 10	Solanum lycopersicum	54.7	54.7	11%	0.01	100.00%	65532080	CP023766.1
@SRR24300527.830394 830394 length=251	GCATAGACGGTTAGAATCCAAAATGGATAATTATAGCATCAATTATTCTATCGAAATCAGACAGAATGAAGAAGGACTGTATAAACTGCCGGAGTGAATCGTTTAAATACCTTCCATTCTTCTCAGATTGGCGTATTTCGCGTTTAAATTACTAGTTAATAGTTTCATAAGGTTAAGCATGAAATAAGCCTAATATGGGTGTTATTTTTATTAACAGCCATCACGCCTTTTAATAATTCGAACCAAGGTGA	No significant similarity found.	Capsicum annuum	NA	NA	NA	NA	NA	NA	NA	NA										
@SRR24300528.282379 282379 length=251	GCCACACTGGGACTGAGACACGGCCCAGACTCCTACGGGAGGCAGCAGTAGGGAATTTTCCGCAATGGGCGAAAGCCTGACGGAGCAACGCCGCGTGAGTGAAGACGGCCTTCGGGTTGTAAAACTCTGTTCTTGGGGAAGAAGAACTGACGGTACCCAAGGAGAAAGCCCCGGCTAACTACGTGCCCGCCGCCGCGGTAATACGTAGGGGGCGAGCGCTGTCCGGAATTATTGGGCGTAAAGCGCGCGCA	Bacillales bacterium P371 partial 16S rRNA gene, isolate P371	Zea mays	Bacillales bacterium P371	448	44800%	100%	4.00E-121	98.80%	1389	AM749774.1										
@SRR24300527.122094 122094 length=251	GCGCCTGCTTTGCACGCAGGAGGTCAGCGGTTCGATCCCGCTAGGCTCCACCATAGCAACTTATTTATTGTTCCGCAGTAGCTCAGTGGTAGAGCAATCGGCTGTTAACCGATCGGTCGTAGGTTCGAATCCTACCTGCGGAGCCATTTCTATTTTATTGGAGAAGTACTCAAGCGGCTGAAGAGGCGCCCCTGGAAAGGGCGTAGGTCGGGCAACCGGCGCGAGGGTTCAAATCCCTCTTTCTCCGTTAT	Peribacillus asahii strain CMF4 chromosome, complete genome	Capsicum annuum	Peribacillus asahii	281	2033	98%	4.00E-71	89.13%	4721398	CP085717.1										
@SRR24300527.320348 320348 length=250	GCTCAAGCCCAACGCGATCATCGGCGTCTCGGGGACGGCGAGCGCTTTCACCCGGCCGGTGGTAGAGGCGATGGCGCGTTTCAACGAACGACCCATCGTCTTCGCGCTGTCCAATCCCACATCCCAGTCCGAGTGTACGGCGGAGGAGGCGTACACGTGGTCGAACGGGCGCGCACTTTTCGCGAGCGGCAGCCCGTTCGCGCCGGTCCTCCTAAACGGCCGCACCTATGTCCCGAGCCAGGGCAACAA	No significant similarity found.	Nicotiana sylvestris	NA	NA	NA	NA	NA	NA	NA	NA										
@SRR24300528.1607878 1607878 length=251	GCTCTATGTTGCTTTCCAGGCATTTCAACCCGGAATTTAGACAATTCTAGCATATGCAGTAAACCAATAAAGAAAATTTGGTTCACAAGTGGCATGCTGTATCAACATCAAGATATATTATTTACCTCAGGATACTGATGATATATAGCAAATGGAGCTGAATAAGACAAAAGTGGAAGCAGATCAGCAACAAGACACTCTACTTCGTGGCCAGGGGCAGCAACAATCAAACTGCATCAACAAGAAACCAT	Zea mays isolate 8112 clone 1 GRMZM2G121123-like gene, partial sequence	Capsicum annuum	Zea mays	298	298	97%	4.00E-76	88.98%	5167	JQ887387.1										
@SRR24300528.419279 419279 length=251	GCTCTATGTTGCTTTCCAGGCATTTCAACCCGGAATTTAGACAATTCTAGCATATGCAGTAAACCAATAAAGAAAATTTGGTTCACAAGTGGCATGCTGTATCAACATCAAGATATATTATTTACCTCAGGATACTGATGATATATAGCAAATGGAGCTGAATAAGACAAAAGTGGAAGCAGATCAGCAACAAGACACTCTACTTCGTGGCCAGGGGCAGCAACAATCAAACTGCATCAACAAGAAACCAT	Zea mays isolate 8112 clone 1 GRMZM2G121123-like gene, partial sequence	Zea mays	Zea mays	298	298	97%	4.00E-76	88.98%	5167	JQ887387.1										
@SRR24300527.952921 952921 length=251	GCTGAAACCATTAATGATTTGAGTTGTCCCGGTTGACTCTGTGCTTGAATTTGTTGTTGTTGTGCTTGTTGCATTTGTAATTGTTGTTGTTGTGCCTGTAATCTCTGTGCTTCATACATTTTTTTTTTTTTCTTCGGCCTTCCCTGAAGTTTACGATTGGAATCTGCCTGATAATTCAAAATTTGCCAATCCAACAAAAAGCTATTTTGATATCCTTTAAGATAAAACAATTCTTCCATAATTCGTCTTTA	No significant similarity found.	Ipomoea	NA	NA	NA	NA	NA	NA	NA	NA										
@SRR24300528.6732 6732 length=249	GCTGTATCAACATCAAGATATATTATTTACCTCAGGATACTGATGATATATAGCAAATGGAGCTGAATAAGACAAAAGTGGAAGCAGATCAGCAACAAGACACTCTACTTCGTGGCCAGGGGCAGCAACAATCAAACTGCATCAACAAGAAACCATCATGTTAATCAGAATATGTGCTAATAATAGAAGAATAACCTTCTTCTACAACTTCTGTAACCTGCTAAAGCCATGTTCCTTCCAATATTTCAT	Zea mays isolate 8112 clone 1 GRMZM2G121123-like gene, partial sequence	Zea mays	Zea mays	320	320	100%	9.00E-83	90.40%	5167	JQ887387.1										
@SRR24300527.741767 741767 length=170	GCTTTGCACGCAGGAGGTCAGCGGTTCGATCCCGCTAGGCTCCACCATAGCAACTTATTTATTGTTCCGCAGTAGCTCAGTGGTAGAGCAATCGGCTGTTAACCGATCGGTCGTAGGTTCGAATCCTACCTGCGGAGCCATTTCTATTTTATTGGAGAAGTACTCAAGCG	Peribacillus asahii strain CMF4 chromosome, complete genome	Capsicum annuum	Peribacillus asahii	180	1695	98%	1.00E-40	87.90%	4721398	CP085717.1										
@SRR24300527.138412 138412 length=250	GCTTTGCACGCAGGAGGTCAGCGGTTCGATCCCGCTAGGCTCCACCATAGCAACTTATTTATTGTTCCGCAGTAGCTCAGTGGTAGAGCAATCGGCTGTTAACCGATCGGTCGTAGGTTCGAATCCTACCTGCGGAGCCATTTCTATTTTATTGGAGAAGTACTCAAGCGGCTGAAGAGGCGCCCCTGGAAAGGGCGTAGGTCGGGCAACCGGCGCGAGGGTTCAAATCCCTCTTTCTCCGTTATCGATA	Peribacillus asahii strain CMF4 chromosome, complete genome	Capsicum annuum	Peribacillus asahii	281	1944	96%	4.00E-71	89.13%	4721398	CP085717.1										
@SRR24300528.1126213 1126213 length=251	GGACAGGGACGTCTCCTAGCGGCTGGCGTCCTCTCTCGTCCCTCCAATTTTGAGGGACAAATGAAGACAACACTGGGATAATCCTGTTCCAACCTCTGACCCTGAAACAAATAACCTTATTTGAGGGATCGTTCTATTCCATCCCGTTCTGTCATTGCAACCAAAAGCAACCTTAGTCTATACAACTAAACGTGGTAGAGACTAAACTTTAGCATCCTAACTAAATTTTAGTCATTGGATTAAAGGAACCA	Genomic sequence for Zea mays clone ZMMBBb0614J24, from chromosome 8, complete sequence	Zea mays	Zea mays subsp. mays	165	165	60%	5.00E-36	86.36%	136932	AC157487.1										
@SRR24300528.1554274 1554274 length=250	GGATCACCATCCACACCGCACACGTTGAGTACGAAACCGAAAACCGCCACTATGCTCACGTTGACTGCCCGGGCCAAGCTGACTACGTGAAAAACATGATCACCGGTGCAGCTCAACTGGACGGCGCCATCCTGGCGGTAGGAGAAGCGGTTCGTGGCGAGAGAGAGCGGTTCATCTACATGATGTTGTGCGGCGTCATCATGCTGTGGGGACTTAACGTGGTGATGGTCAAATCCCTTTCGTTTTTTC	Staphylospora marina strain SCSIO 07575 chromosome, complete genome	Solanum commersonii	Staphylospora marina	191	19100%	53%	8.00E-44	92.48%	2706111	CP034118.1		Glycine max elongation factor Tu, chloroplastic (TUFA), mRNA; nuclear gene for chloroplast product	Glycine max	159	159	51%	2.00E-34	89.15%	1831	NM_001360333.1
@SRR24300527.139080 139080 length=251	GGATTGAAAGCCGTCACAAAAAAAGAAAAATATGATAAAATAAGTGAAAAGAAAATGTCGACACCGATTGAAGTCCTATGCAAACAATTTCCACCGGAATTCGCAACTTATTTGAATTATTGTCGAAGTTTACGATTTGATGATAAACCTGATTATGCTTATTTAAGACGAATTATGAGAGAATTGTTTTATCGTAAAGGATATCAAAATGACTTTTTGTTTGATTGGACAATTTTGAATTATCAGGCTGA	Berberis vulgaris genome assembly, chromosome: 10	Ipomoea	Berberis vulgaris	75	7500%	27%	8.00E-09	86.30%	85622690	OY747133.1										
@SRR24300527.320348 320348 length=251	GGTCTATTCGGCCTCCGTCACCTGGTTCGCCAGTGCCTTGGCCGCGACGAAGAACATCTCGTCGGTGATGCGCTTCGCCTCCGAGGCGATCGCGCCGAGCCTTATGGCGGGGGAGGTATAGGCGGTGTTGCCCCGGCCCGGGGCATAGGGGGGGGCGGTTTGGGGGGGCGGGGCGGACCGGGGGGCGCCCCCGCAAAAGGGGCGGCCGCTCGGGCACGGGGACGCCTCCCCCCCCCGGAACTCGGGACGGG	No significant similarity found.	Nicotiana sylvestris	NA	NA	NA	NA	NA	NA	NA	NA										
@SRR24300528.1526060 1526060 length=250	GTAATAGCCCACACAATTTCACTAGTTATGGCTGCTGCGTTCCCGCCCTGACCCGTTCCTAGTGTCCTCGTTGGACTATGACTCCGCAGGTAGGACTCGAACCTACGACCGATCGGTTAACAGCCGATTGCTCTACCACTGAGCTACTGCGGAATAATAATATTAAATTGGTGCGGGTGAAGGGAGTCGACCCCCCACGCCTTGCGGCGCAAGATCCTAAGTCTGGTGCGTCTGCCAATTCCGCCACAC	Neobacillus sp. 114 chromosome, complete genome	Capsicum annuum	Neobacillus sp. 114	361	1630	100%	5.00E-95	93.17%	6399285	CP126144.1										
@SRR24300527.551532 551532 length=251	GTATATTGATGGCATTGAATCATTTCTAGATTTTGCTTACTCTTATGGAGATCCTCATGGAGAGAAAATTCAGTGTCCATGTGTGAAATGTTGTAATATTCTTTGGAACCGAAGGAATGTAGTGTATGATCATCTAATATGCCATGGATTCATTAAAGGCTATACTAGATGGATCAATCACGGGGAATGGGATATCAAGTTGAATGTTGATGATGATATGGATTACTCGTGTGATGATATTGATGGGTTGT	Solanum lycopersicum cultivar I-3 chromosome 7	Solanum subgen. Lycopersicon	Solanum lycopersicum	464	2270	100%	4.00E-126	100.00%	68048916	CP023763.1										
@SRR24300527.459777 459777 length=251	GTCAAGTCTTATGCGCTTACCGGAAGCGAGAGGTGCACGATGCAAGGACGTTCGGTCTATTCGGCCTCCGTCACCTGGTTCGCCAGTGCCTTGGCCGCGACGAAGAACATCTCGTCGGTGATGCGCTTCGCCTCCGAGGCGATCGCGCCGAGCCTTATGGCGGGGGGGAGATAAGCGGTGGTGCCCCGGCCTGCGGGACAAGGGCGGGCGGTCCGAAAGACCAGCGCGCGCGGGCGGCCCGCCGCGCACAG	No significant similarity found.	Nicotiana sylvestris	NA	NA	NA	NA	NA	NA	NA	NA										
@SRR24300528.966317 966317 length=250	GTCTAAGTCCTAACCCAATGTCAAGCTACAGTAAAGCTCCACGGGGTCTTTTTGTCCTGCTGCGGGTAAGAAGCATCTTCACTCCTATTTCAGTTTCACCGGGTCCTTCGTTGAGACAGTGCCCCATTCATTACGCCTTTCGTGCGGGTCGGAACTTACCCGACAAGGAATTTCGCTACCTTAGGACCGTTATAGTTACGGCCGCCGTTCACCGGGGCTTCAGTCCGGAGCGTCAACCCCCCACCTTAA	Uncultured bacterium clone F5K2Q4C04JNMFF 23S ribosomal RNA gene, partial sequence	Gossypium barbadense	uncultured bacterium	427	42700%	100%	5.00E-115	97.59%	486	GU925750.1										
@SRR24300527.709146 709146 length=250	GTCTCGGGGACGGCGAGCGCTTTCACCCGGCCGGTGGTAGAGGCGATGGCGCGTTTCAACGAACGACCCATCGTCTTCGCGCTGTCCAATCCCACATCCCAGTCCGAGTGTACGGCGGAGGAGGCGTACACGTGGTCGAACGGGCGCGCACTTTTCGCGAGCGGCAGCCCGTTCGCGCCGGTCCTCCTAAACGGCCGCACCTATGTCCCGAGCCAGGGCAACAACGCCTATATCTTCCCCGCCATAAGG	Limnephilus rhombicus genome assembly, chromosome: 14	Nicotiana sylvestris	Limnephilus rhombicus	56.5	5650%	15%	0.30%	92.31%	53715214	OV815284.1										
@SRR24300528.1168924 1168924 length=251	GTGTAGCCCAGGACATAAGGGGCATGATGATTTGACGTCATCCCCACCTTCCTCCGGCTTTCACCGGCTGTCTCTCTAGAGTGCCCATCTCTCTTGCTGGCAACTAAAGATAAGGGTTGCGCTCGTTGCGGGACTGAACCCAACATCTCACGACACGAGCTGACGACAACCATGCACCACCTGTCTCCACTGTCCCCGAAAGGTCCGACGTATCTCTACTCCATTCAGTGGGATGTCAAGCCCTGGTACGG	Uncultured bacterium clone ncd382b06c1 16S ribosomal RNA gene, partial sequence	Capsicum annuum	uncultured bacterium	414	41400%	100%	4.00E-111	96.41%	1328	HM321397.1										
@SRR24300528.615 615 length=183	GTGTCCACCGATACGCTGATGGAGAAGGCGGGGCTTGCCGTTGCACGTCGCGTGCGGCACCACCTCGGCCCGCTCACGGGAGTGCCTATCGTGGTGCTCGTGGGGCCGGGGAACAACGGCGGCGACGGCCTCGTGACCGCGCGGCACCTGCACAACTGGGGTGCCCGCGTGCTGGTATACAT	uncultured Dehalococcoidia bacterium genome assembly, chromosome: 1	Solanum tuberosum	uncultured Dehalococcoidia bacterium	67.6	6760%	29%	9.00E-07	88.89%	2349492	OY282371.1										
@SRR24300528.419279 419279 length=251	GTTATCAACAGATCAGCCAACTGATATGGAGGCCTCAGAGCCTTCTTTGGATGAGCATCATGTTCAAGATGAGAACTCTTCATTAGGTAAAAAGTTGATGAATCTGAAAATGGTCTAGTGAAGTTAAGTTTTGATCTCTGGATGCTATGTGAATCTGCAGGTGGCAAAGACAGTGATGGTACTACTTCAAATGCTTCAAAATCTCCTAAACCTGGAAAAGCACCATCACCAGAAAAGATGAAATATTGGAA	Setaria viridis cultivar ME034v chromosome 7	Zea mays	Setaria viridis	202	20200%	99%	4.00E-47	82.47%	35147422	CP050801.1										
@SRR24300527.70847 70847 length=251	GTTCGATCCCGCTAGGCTCCACCATAGCAACTTATTTATTGTTCCGCAGTAGCTCAGTGGTAGAGCAATCGGCTGTTAACCGATCGGTCGTAGGTTCGAATCCTACCTGCGGAGCCATTTCTATTTTATTGGAGAAGTACTCAAGCGGCTGAAGAGGCGCCCCTGGAAAGGGCGTAGGTCGGGCAACCGGCGCGAGGGTTCAAATCCCTCTTTCTCCGTTATCGATATGCTTTAAATTTTGTAAAAAACTT	Neobacillus sp. 114 chromosome, complete genome	Capsicum annuum	Neobacillus sp. 114	276	8.62E+02	86.00%	2.00E-69	89.59%	6399285	CP126144.1										
@SRR24300527.156892 156892 length=251	GTTCTAATTGTTACGCGCCTTAGAGGATTCGAACCTCTGACCCACAGCTTAGAAGGCTGTTGCTCTATCCAACTGAGCTAAAGGCGCATGATATTAAATTATATGGCGGAGAAGGAGGGATTTGAACCCTCGCGCCGTTTACACGACCTACACCCTTAGCAGGGGCGCCTCTTCAGCCTCTTGAGTACTTCCCCATAAAATAAAAATGGCTCCGCAGGTAGGACTCGAACCTACGACCGATCGGTTAACAG	Neobacillus sp. DY30 chromosome, complete genome	Capsicum annuum	Neobacillus sp. DY30	361	1116	97%	5.00E-95	93.55%	6139711	CP126093.1										
@SRR24300527.138412 138412 length=251	GTTTAAATACCTTCCATTCTTCTCAGATTGGCGTATTTCGCGTTTAAATTACTAGTTAATAGTTTCATAAGGTTAAGCATGAAATAAGCCTAATATGGGTGTTATTTTTATTAACAGCCATCACGCCTTTTAATAATTCGAACCAAGGTGAGTCATCTATTTTTTAAAGGTCTGTAGAAGCCCTTTAAAAAATAGATATATATATACTAAAAAAACCCCTATTCTAAAAAGAATAAGAGTTTTTTACAAAA	No significant similarity found.	Capsicum annuum	NA	NA	NA	NA	NA	NA	NA	NA										
@SRR24300528.342384 342384 length=177	TAGTTAGCCGGGGCTTTCTCCTTGGGTACCGTCAGTTCTTCTTCCCCAAGAACAGAGTTTTACAACCCGAAGGCCGTCTTCACTCACGCGGCGTTGCTCCGTCAGGCTTTCGCCCATTGCGGAAAATTCCCTACTGCTGCCTCCCGTAGGAGTCTGGGCCGTGTCTCAGTCCCAGTG	Bacillales bacterium P371 partial 16S rRNA gene, isolate P371	Capsicum annuum	Bacillales bacterium P371	327	32700%	100%	4.00E-85	100.00%	1389	AM749774.1										
@SRR24300527.525282 525282 length=251	TCCTTTAGGAGCAAAGAAAACTGATCCAATCATTTTAGATGACAAGTCACTAAGTCAGGCACATGCATACTTATTGGTAAATTGTGACGATGTTCAAGAATATATTAGGTACCTTAATTTGAATATAGTATTCTTTTTGTATAATTAATTTTTATCTTATTTAATTTATTATTTTAACAAATAAAATAAATGTTTTGTAGAGAGCATGAGCAAGAGGTTAATAATCAGTCACGAAGATCTAAATGGAGAAA	Solanum lycopersicum cultivar I-3 chromosome 8	Solanum lycopersicum	Solanum lycopersicum	459	436500%	100%	2.00E-124	99.60%	65870126	CP023764.1										
@SRR24300528.282379 282379 length=251	TCGTTTACGGCGTGGACTACCAGGGTATCTAATCCTGTTTGCTCCCCACGCTTTCGCGCCTCAGCGTCAGTTCCAGGCCAGAGAGCCGCCTTCGCCACTGGTGTTCCTCCCGATCTCTACGCATTCCACCGCTACACCGGGAATTCCGCTCCCCTCTCCTGCACTATAGCTCCCCAGTTTCAGGTGCCGCTCTACGGCTTAGCCGCCGCCTTTCACTCCTGCCTTAAACAGCCGCCCGCGCGCGCTTTACG	Thermoactinomycetaceae bacterium JAM-FM1501 gene for 16S rRNA, partial sequence	Zea mays	Thermoactinomycetaceae bacterium JAM-FM1501	403	403	100%	9.00E-108	95.62%	1429	AB362280.1										
@SRR24300528.1607878 1607878 length=251	TCGTTTACGGCGTGGACTACCAGGGTATCTAATCCTGTTTGCTCCCCACGCTTTCGCGCCTCAGCGTCAGTTCCAGGCCAGAGAGCCGCCTTCGCCACTGGTGTTCCTCCCGATCTCTACGCATTCCACCGCTACACCGGGAATTCCGCTCCCCTCTCCTGCACTATAGCTCCCCAGTTTCAGGTGCCGCTCTACGGCTTAGCCGCCGCCTTTCACTCCTGCCTTAAACAGCCGCCCGCGCGCGCTTTACG	Thermoactinomycetaceae bacterium JAM-FM1501 gene for 16S rRNA, partial sequence	Capsicum annuum	Thermoactinomycetaceae bacterium JAM-FM1501	403	40300%	100%	9.00E-108	95.62%	1429	AB362280.1										
@SRR24300527.267063 267063 length=251	TGATTGGTTAAATCGTAACAAGGAAAATCTGATTAAAATGATTCCGCATGCAAAGGAGAAAAATAAGCCAATTCGAAAAGAAATGCTGCCTTCGTGGTTTACAGAATTGAACACTAGCGAGCAACAGCGTTATTGGGATGAAGAAATAAAAACATTATTTAGACAACAACAGAAAGAGAATAGAAATAAAAAAATGACTGATGAGGAAAAGGAACTACAGCAACCGGAAATTGAAGAAATGCTTATAAAAT	No significant similarity found.	Capsicum annuum	NA	NA	NA	NA	NA	NA	NA	NA										
@SRR24300528.1138237 1138237 length=249	TGCTGGCACAGAGTTGGCCGGGGCTTCCTCTGAAGGTACCGTCAGATGCCGGCGCTATTCACGCCGGCACCCTTCTTTCCCTCTGACAGGGGTTTACGACCCGAAGGCCTTCGTCCCCCACGCGGCGTCACTCCGTCAGGCTTTCGCCCATTGCGGAAAATTCCCCACTGCTGCCTCCCGTAGGAGTCGGGGCCGTGTCTCAGTCCCCGTGTGGCTGGTCGTCCTCTCAGACCAGCTACCCGTCATCG	Uncultured Firmicutes bacterium clone L10_2A08 16S ribosomal RNA gene, partial sequence	Arachis hypogaea	uncultured Firmicutes bacterium	448	44800%	100%	4.00E-121	99.19%	489	KT028543.1										
@SRR24300528.1032196 1032196 length=251	TTCTAGCCAAGTGCAACATCCCGGTACATTTCTAGGCGTAGTGGAAAAAATCCCTTATTTGCTAGAACTCGGAATTAATGCCGTAGAATTTCTTCCTATTTATGAATTTGATGAAACGGATTATGCGAGAATCTATTCTCGCTGAGGTAAACCTCTGTATAATTACTGGGGATACTCTCCTATTAGCTTTTTTGCCCCCATGAATCGCTATGTAGTAGGAAAGGTTCCAGGAGCTGGGATTTATGAATTTA	No significant similarity found.	Ipomoea batatas	NA	NA	NA	NA	NA	NA	NA	NA										
@SRR24300527.1166706 1166706 length=251	TTCTTGTACCTTAGGTACCTTAAAACTCTTTTAATAGCATTCCAATGACGCTCTGTTGGGTCTGTACTGAATCTGCTCATATATCCTACTGCATAAGCAATATCAGGACGAGTTCCTAACATGGCATACATGAGAGATCCAATAGCACTTTGGTATAGTAGCTTATCCACCTTTTTCTCCTCCTCATGACGCTCTTCTAGCTTCATATTTTTATCCAGAGGGGTAGAAGTAGGGTGAGAGTTCTGCATGTT	Luffia ferchaultella genome assembly, chromosome: Z	Gossypium australe	Luffia ferchaultella	56.5	5650%	13%	0.30%	97.06%	26643458	OX453243.1		Gossypium turneri isolate D10-2 chromosome D10_06	Gossypium turneri	52.8	52.8	11%	0.038	100.00%	60007698	CP032576.1
@SRR24300528.379979 379979 length=250		No significant similarity found.	Arachis	NA	NA	NA	NA	NA	NA	NA	NA										